{
  "timestamp": "2026-06-07 23:18:05",
  "dataset": "Yoga-Collect",
  "num_videos": 88,
  "total_frames": 4400,
  "estimator": "RTMW3D-L",
  "formulas": {
    "MPJPE": "VideoPose3D (Facebook Research)",
    "P-MPJPE": "VideoPose3D (SVD-based Procrustes)",
    "SPARC": "Balasubramanian et al. 2012",
    "ICC": "Shrout & Fleiss 1979",
    "Bland-Altman": "Bland & Altman 1986"
  },
  "fps": {
    "mean": 117.6622978435848,
    "std": 16.229495266806722,
    "min": 65.43859873569434,
    "max": 162.30168434803875,
    "median": 115.49600520434757
  },
  "temporal_stability": {
    "mean_mm": 0.2745922992048277,
    "std_mm": 0.2465136456439801,
    "min_mm": 0.01913154311478138,
    "max_mm": 1.124391794204712,
    "formula": "VideoPose3D MPJPE (self-consistency)"
  },
  "p_mpjpe": {
    "mean_mm": 0.17761235260827976,
    "std_mm": 0.11549284394136343,
    "formula": "VideoPose3D P-MPJPE (Procrustes)"
  },
  "per_joint_mpjpe": {
    "joint_0": 0.0,
    "joint_1": 0.1477201652755453,
    "joint_2": 0.15767848065694456,
    "joint_3": 0.4011189783711664,
    "joint_4": 0.2703697681427002,
    "joint_5": 0.3875096774215556,
    "joint_6": 0.35134230031293223,
    "joint_7": 0.3379928036381237,
    "joint_8": 0.33332644193433225,
    "joint_9": 0.38767095310190186,
    "joint_10": 0.37310488770758227,
    "joint_11": 0.35887087999038736,
    "joint_12": 0.3334533801005984,
    "joint_13": 0.3715685000854798,
    "joint_14": 0.35492600819138304,
    "joint_15": 0.3636661002158441,
    "joint_16": 0.4031623709015548,
    "joint_17": 0.3700916452269832,
    "joint_18": 0.3861037134192884,
    "joint_19": 0.4365884020966901,
    "joint_20": 0.40214107204651967,
    "joint_21": 0.4097209842028943,
    "joint_22": 0.4009223247518424,
    "joint_23": 0.2691476816861806,
    "joint_24": 0.25852193039926613,
    "joint_25": 0.25021242211699823,
    "joint_26": 0.2238934001758356,
    "joint_27": 0.22034089476801455,
    "joint_28": 0.24639296797315843,
    "joint_29": 0.2590195349608125,
    "joint_30": 0.24135186613156376,
    "joint_31": 0.23255321200386705,
    "joint_32": 0.2346850163726644,
    "joint_33": 0.264766266961074,
    "joint_34": 0.2579039229789156,
    "joint_35": 0.2588841657746922,
    "joint_36": 0.2526369377632033,
    "joint_37": 0.2505811064355922,
    "joint_38": 0.25012941037262365,
    "joint_39": 0.25738286950879474,
    "joint_40": 0.27203840723748063,
    "joint_41": 0.269910448834046,
    "joint_42": 0.26949327179781074,
    "joint_43": 0.2614596549908377,
    "joint_44": 0.2646747835202735,
    "joint_45": 0.2650720828784291,
    "joint_46": 0.2775460852479393,
    "joint_47": 0.28088004976003006,
    "joint_48": 0.28247125215024094,
    "joint_49": 0.28045352116565814,
    "joint_50": 0.2648416784147478,
    "joint_51": 0.25870535255473276,
    "joint_52": 0.2513348061157475,
    "joint_53": 0.24868553501172838,
    "joint_54": 0.27037323369454086,
    "joint_55": 0.25145546811505814,
    "joint_56": 0.25170644433025946,
    "joint_57": 0.2459106254126792,
    "joint_58": 0.2519925862275572,
    "joint_59": 0.25885510587514465,
    "joint_60": 0.26693144493566995,
    "joint_61": 0.26886053299743007,
    "joint_62": 0.26243390156675805,
    "joint_63": 0.26413679104933346,
    "joint_64": 0.25686495906715706,
    "joint_65": 0.26933099019383505,
    "joint_66": 0.27953344520012086,
    "joint_67": 0.27714524571572174,
    "joint_68": 0.29292357729917223,
    "joint_69": 0.2789591330696236,
    "joint_70": 0.28558929574633524,
    "joint_71": 0.24277923472056334,
    "joint_72": 0.2359342526919632,
    "joint_73": 0.23905355722474103,
    "joint_74": 0.2424772220600227,
    "joint_75": 0.2503506986381994,
    "joint_76": 0.26914379837795754,
    "joint_77": 0.24769978255922484,
    "joint_78": 0.2427482568997551,
    "joint_79": 0.24217515355187721,
    "joint_80": 0.2500742862572555,
    "joint_81": 0.24317980407398532,
    "joint_82": 0.2419502400179309,
    "joint_83": 0.24562418555036525,
    "joint_84": 0.23385727473809806,
    "joint_85": 0.24732198436024852,
    "joint_86": 0.2548468763283877,
    "joint_87": 0.24141486311352559,
    "joint_88": 0.24410075054038316,
    "joint_89": 0.24806499877013266,
    "joint_90": 0.2390495919177986,
    "joint_91": 0.4083820028145882,
    "joint_92": 0.36945526934736833,
    "joint_93": 0.3861963122194125,
    "joint_94": 0.39059542143844406,
    "joint_95": 0.44643872629173775,
    "joint_96": 0.40616439790888265,
    "joint_97": 0.41350929077122023,
    "joint_98": 0.4370816027512774,
    "joint_99": 0.436920190886171,
    "joint_100": 0.41570090235803614,
    "joint_101": 0.4195288865170865,
    "joint_102": 0.43458390913226386,
    "joint_103": 0.4424806747119874,
    "joint_104": 0.4333500614474443,
    "joint_105": 0.444241553037004,
    "joint_106": 0.43832779728638177,
    "joint_107": 0.42750480688515713,
    "joint_108": 0.4329170411748981,
    "joint_109": 0.44122352518818597,
    "joint_110": 0.4376712226711044,
    "joint_111": 0.4434098612347787,
    "joint_112": 0.39889121938242833,
    "joint_113": 0.39047608527735894,
    "joint_114": 0.405549526987174,
    "joint_115": 0.43291666972535575,
    "joint_116": 0.4587381000799889,
    "joint_117": 0.40165493805596436,
    "joint_118": 0.4266210589557886,
    "joint_119": 0.43707958300894295,
    "joint_120": 0.44218249743889,
    "joint_121": 0.4134143984093415,
    "joint_122": 0.4128406231439757,
    "joint_123": 0.4181884063767608,
    "joint_124": 0.43573446286080236,
    "joint_125": 0.4288030660986392,
    "joint_126": 0.4175423496000638,
    "joint_127": 0.42346706914461474,
    "joint_128": 0.43137083821718325,
    "joint_129": 0.4116045497992838,
    "joint_130": 0.41960633254017343,
    "joint_131": 0.4213741346982054,
    "joint_132": 0.4152432128956372
  },
  "sparc": {
    "mean": -11.892308924457136,
    "std": 10.084736221584798,
    "min": -36.8710831719608,
    "max": -3.2041256641494678,
    "num_videos": 88,
    "formula": "Balasubramanian et al. 2012"
  },
  "joint_angles": {
    "left_elbow": {
      "mean_deg": 96.0759476680367,
      "std_deg": 44.78871767659909,
      "min_deg": 0.0,
      "max_deg": 180.0
    },
    "right_elbow": {
      "mean_deg": 98.13320352484037,
      "std_deg": 48.702070525359,
      "min_deg": 0.3685047924518585,
      "max_deg": 179.31500244140625
    },
    "right_hip": {
      "mean_deg": 104.10204816063697,
      "std_deg": 58.59979960625994,
      "min_deg": 0.4068635106086731,
      "max_deg": 179.19813537597656
    },
    "left_knee": {
      "mean_deg": 115.39047200651014,
      "std_deg": 50.307030382755585,
      "min_deg": 0.08622922748327255,
      "max_deg": 179.2804412841797
    },
    "right_knee": {
      "mean_deg": 113.70714487362991,
      "std_deg": 41.76316729252154,
      "min_deg": 1.0882248878479004,
      "max_deg": 179.97201538085938
    },
    "left_hip": {
      "mean_deg": 120.60871561462228,
      "std_deg": 48.78585219485214,
      "min_deg": 1.9036173820495605,
      "max_deg": 179.38450622558594
    },
    "right_shoulder": {
      "mean_deg": 53.48066409640336,
      "std_deg": 34.74080691347477,
      "min_deg": 2.189190149307251,
      "max_deg": 176.74423217773438
    },
    "left_shoulder": {
      "mean_deg": 51.295677053494884,
      "std_deg": 38.13725088646265,
      "min_deg": 2.037112236022949,
      "max_deg": 179.0454864501953
    }
  },
  "per_exercise": {
    "Bhujangasana": {
      "num_videos": 16,
      "avg_fps": 114.07817639406014,
      "avg_frames": 50.0
    },
    "Padmasana": {
      "num_videos": 14,
      "avg_fps": 121.08397825657299,
      "avg_frames": 50.0
    },
    "Shavasana": {
      "num_videos": 15,
      "avg_fps": 119.04712207211675,
      "avg_frames": 50.0
    },
    "Tadasana": {
      "num_videos": 15,
      "avg_fps": 117.19775758911307,
      "avg_frames": 50.0
    },
    "Trikonasana": {
      "num_videos": 13,
      "avg_fps": 115.07546416592245,
      "avg_frames": 50.0
    },