{
  "metadata": {
    "timestamp": "2026-06-08 00:25:43",
    "dataset": "Yoga-Collect",
    "num_videos": 88,
    "total_frames": 4400,
    "estimator": "RTMW3D-L",
    "hardware": "NVIDIA RTX 5880 Ada Generation",
    "formulas": {
      "MPJPE": "VideoPose3D (Facebook Research, CVPR 2019)",
      "P-MPJPE": "VideoPose3D SVD-based Procrustes",
      "SPARC": "Balasubramanian et al. (IEEE T-BME, 2012)",
      "ICC": "Shrout & Fleiss (Psychological Bulletin, 1979)",
      "Bland-Altman": "Bland & Altman (The Lancet, 1986)"
    }
  },
  "system_performance": {
    "fps_mean": 129.66079968822717,
    "fps_std": 21.133926863667394,
    "fps_min": 75.68604226057137,
    "fps_max": 164.2688958201805,
    "fps_median": 120.19058983442727,
    "latency_mean_ms": 7.928272268988869,
    "latency_std_ms": 4.145160033488642,
    "realtime": true
  },
  "pose_stability": {
    "mpjpe_mean_mm": 0.2745922992048277,
    "mpjpe_std_mm": 0.2465136456439801,
    "p_mpjpe_mean_mm": 0.17761235260827976,
    "p_mpjpe_std_mm": 0.11549284394136343,
    "formula": "VideoPose3D (self-consistency, no ground truth)"
  },
  "smoothness": {
    "sparc_mean": -11.892308924457136,
    "sparc_std": 10.084736221584798,
    "sparc_min": -36.8710831719608,
    "sparc_max": -3.2041256641494678,
    "num_videos": 88,
    "formula": "Balasubramanian et al. 2012"
  },
  "per_exercise": {
    "Bhujangasana": {
      "num_videos": 16,
      "avg_fps": 122.62004381054246,
      "std_fps": 25.4998561289819,
      "avg_frames": 50.0
    },
    "Padmasana": {
      "num_videos": 14,
      "avg_fps": 127.71154237612507,
      "std_fps": 18.49015890349328,
      "avg_frames": 50.0
    },
    "Shavasana": {
      "num_videos": 15,
      "avg_fps": 135.11664318355807,
      "std_fps": 18.747078598800474,
      "avg_frames": 50.0
    },
    "Tadasana": {
      "num_videos": 15,
      "avg_fps": 127.76800243693745,
      "std_fps": 22.010754758064607,
      "avg_frames": 50.0
    },
    "Trikonasana": {
      "num_videos": 13,
      "avg_fps": 132.1048346439902,
      "std_fps": 17.48147282096768,
      "avg_frames": 50.0
    },
    "Vrikshasana": {
      "num_videos": 15,
      "avg_fps": 133.30903624335048,
      "std_fps": 19.964444356853992,
      "avg_frames": 50.0
    }
  },
  "per_joint": {
    "joint_0": {
      "mean_mm": 0.0,
      "std_mm": 0.0
    },
    "joint_1": {
      "mean_mm": 0.1477201652755453,
      "std_mm": 0.19494478096524823
    },
    "joint_2": {
      "mean_mm": 0.15767848065694456,
      "std_mm": 0.20432298344707972
    },
    "joint_3": {
      "mean_mm": 0.4011189783711664,
      "std_mm": 0.5078095522314382
    },
    "joint_4": {
      "mean_mm": 0.2703697681427002,
      "std_mm": 0.33213135609557176
    },
    "joint_5": {
      "mean_mm": 0.3875096774215556,
      "std_mm": 0.441125510040753
    },
    "joint_6": {
      "mean_mm": 0.35134230031293223,
      "std_mm": 0.3706535318042123
    },
    "joint_7": {
      "mean_mm": 0.3379928036381237,
      "std_mm": 0.33599986769193074
    },
    "joint_8": {
      "mean_mm": 0.33332644193433225,
      "std_mm": 0.30581870668758365
    },
    "joint_9": {
      "mean_mm": 0.38767095310190186,
      "std_mm": 0.3404446234353914
    },
    "joint_10": {
      "mean_mm": 0.37310488770758227,
      "std_mm": 0.32431745319607513
    },
    "joint_11": {
      "mean_mm": 0.35887087999038736,
      "std_mm": 0.3736383598075498
    },
    "joint_12": {
      "mean_mm": 0.3334533801005984,
      "std_mm": 0.3725847879876661
    },
    "joint_13": {
      "mean_mm": 0.3715685000854798,
      "std_mm": 0.3398546793171416
    },
    "joint_14": {
      "mean_mm": 0.35492600819138304,
      "std_mm": 0.38103586524942973
    },
    "joint_15": {
      "mean_mm": 0.3636661002158441,
      "std_mm": 0.37848601487433947
    },
    "joint_16": {
      "mean_mm": 0.4031623709015548,
      "std_mm": 0.43006836667842563
    },
    "joint_17": {
      "mean_mm": 0.3700916452269832,
      "std_mm": 0.3460390832738343
    },
    "joint_18": {
      "mean_mm": 0.3861037134192884,
      "std_mm": 0.36458332370222535
    },
    "joint_19": {
      "mean_mm": 0.4365884020966901,
      "std_mm": 0.43301157840854065
    },
    "joint_20": {
      "mean_mm": 0.40214107204651967,
      "std_mm": 0.39893529180782134
    },
    "joint_21": {
      "mean_mm": 0.4097209842028943,
      "std_mm": 0.40565905885307346
    },
    "joint_22": {
      "mean_mm": 0.4009223247518424,
      "std_mm": 0.40211105935232566
    },
    "joint_23": {
      "mean_mm": 0.2691476816861806,
      "std_mm": 0.360080706094195
    },
    "joint_24": {
      "mean_mm": 0.25852193039926613,
      "std_mm": 0.3428090513210611
    },
    "joint_25": {
      "mean_mm": 0.25021242211699823,
      "std_mm": 0.3300737608126197
    },
    "joint_26": {
      "mean_mm": 0.2238934001758356,
      "std_mm": 0.29798781547669007
    },
    "joint_27": {
      "mean_mm": 0.22034089476801455,
      "std_mm": 0.2943749997605497
    },
    "joint_28": {
      "mean_mm": 0.24639296797315843,
      "std_mm": 0.332933495671283
    },
    "joint_29": {
      "mean_mm": 0.2590195349608125,
      "std_mm": 0.3568117180473685
    },
    "joint_30": {
      "mean_mm": 0.24135186613156376,
      "std_mm": 0.3385047307756653
    },
    "joint_31": {
      "mean_mm": 0.23255321200386705,
      "std_mm": 0.33298766700499216
    },
    "joint_32": {
      "mean_mm": 0.2346850163726644,
      "std_mm": 0.33405360322082606
    },
    "joint_33": {
      "mean_mm": 0.264766266961074,
      "std_mm": 0.3563548661690697
    },
    "joint_34": {
      "mean_mm": 0.2579039229789156,
      "std_mm": 0.3429366890826743
    },
    "joint_35": {
      "mean_mm": 0.2588841657746922,
      "std_mm": 0.33469705812190587
    },
    "joint_36": {
      "mean_mm": 0.2526369377632033,
      "std_mm": 0.31708329145312936
    },
    "joint_37": {
      "mean_mm": 0.2505811064355922,
      "std_mm": 0.3050130002015646
    },
    "joint_38": {
      "mean_mm": 0.25012941037262365,
      "std_mm": 0.318366560938503
    },
    "joint_39": {
      "mean_mm": 0.25738286950879474,
      "std_mm": 0.3354155168165312
    },
    "joint_40": {
      "mean_mm": 0.27203840723748063,
      "std_mm": 0.3624045344658628
    },
    "joint_41": {
      "mean_mm": 0.269910448834046,
      "std_mm": 0.36897069805158994
    },
    "joint_42": {
      "mean_mm": 0.26949327179781074,
      "std_mm": 0.36596507821294855
    },
    "joint_43": {
      "mean_mm": 0.2614596549908377,
      "std_mm": 0.36725050140790777
    },
    "joint_44": {
      "mean_mm": 0.2646747835202735,
      "std_mm": 0.376695815229186
    },
    "joint_45": {
      "mean_mm": 0.2650720828784291,
      "std_mm": 0.3679309248570908
    },
    "joint_46": {
      "mean_mm": 0.2775460852479393,
      "std_mm": 0.37114791033190403
    },
    "joint_47": {
      "mean_mm": 0.28088004976003006,
      "std_mm": 0.37381933735066725
    },
    "joint_48": {
      "mean_mm": 0.28247125215024094,
      "std_mm": 0.375263201753947
    },
    "joint_49": {
      "mean_mm": 0.28045352116565814,
      "std_mm": 0.3763781837325392
    },
    "joint_50": {
      "mean_mm": 0.2648416784147478,
      "std_mm": 0.36539731232674416
    },
    "joint_51": {
      "mean_mm": 0.25870535255473276,
      "std_mm": 0.36983328230468565
    },
    "joint_52": {
      "mean_mm": 0.2513348061157475,
      "std_mm": 0.3560954234367844
    },
    "joint_53": {
      "mean_mm": 0.24868553501172838,
      "std_mm": 0.36206984137985365
    },
    "joint_54": {
      "mean_mm": 0.27037323369454086,
      "std_mm": 0.38639778777200917
    },
    "joint_55": {
      "mean_mm": 0.25145546811505814,
      "std_mm": 0.3606918306165011
    },
    "joint_56": {
      "mean_mm": 0.25170644433025946,
      "std_mm": 0.35879213310009844
    },
    "joint_57": {
      "mean_mm": 0.2459106254126792,
      "std_mm": 0.33879950236955547
    },
    "joint_58": {
      "mean_mm": 0.2519925862275572,