{
  "intra_class_distance": {
    "mean": 3817.4661019981486,
    "std": 1276.0411519331692,
    "min": 789.6623649597168,
    "max": 7670.924423217773
  },
  "inter_class_distance": {
    "mean": 5350.293814405343,
    "std": 1774.482829078352,
    "min": 751.6767573356628,
    "max": 10832.383817993705
  },
  "separation_ratio": 1.4015301436742915,
  "classification_accuracy": 0.6734587251828631,
  "roc_auc": 0.7539737153468258,
  "precision_at_k": {
    "1": 0.0,
    "3": 0.16666666666666666,
    "5": 0.16666666666666666,
    "10": 0.16666666666666666
  },
  "recall_at_k": {
    "1": 0.0,
    "3": 0.0050061050061050065,
    "5": 0.008180708180708181,
    "10": 0.01572039072039072
  },
  "num_same_pairs": 604,
  "num_diff_pairs": 3224,
  "threshold": 4583.8799582017455
}