{
  "dataset": "UI-PRMD",
  "num_samples": 1423,
  "num_joints": 25,
  "self_consistency": {
    "mpjpe_mean": 0.18323954939842224,
    "mpjpe_std": 0.22366787493228912,
    "per_joint_error": [
      0.014238830655813217,
      0.016354326158761978,
      0.02358223870396614,
      0.04033598303794861,
      0.10731925815343857,
      0.2539781332015991,
      0.4123819172382355,
      0.4650685787200928,
      0.09374197572469711,
      0.2506394684314728,
      0.3989763855934143,
      0.4510912299156189,
      0.03246583789587021,
      0.025219256058335304,
      0.004778290167450905,
      0.006177893374115229,
      0.025523783639073372,
      0.021738581359386444,
      0.005293022375553846,
      0.010363971814513206,
      0.021518241614103317,
      0.49844229221343994,
      0.46026065945625305,
      0.48797667026519775,
      0.4535219967365265
    ]
  },
  "angle_statistics": {
    "left_shoulder": {
      "mean": 109.59737856523805,
      "std": 14.996481613355735,
      "min": 39.52871322631836,
      "max": 139.4257354736328
    },
    "right_shoulder": {
      "mean": 101.70316161358767,
      "std": 16.69877215379443,
      "min": 37.703311920166016,
      "max": 141.89102172851562
    },
    "left_elbow": {
      "mean": 156.99594569256502,
      "std": 11.898214997479341,
      "min": 104.97087097167969,
      "max": 178.95375061035156
    },
    "right_elbow": {
      "mean": 150.47131785153505,
      "std": 15.402021022046295,
      "min": 100.74273681640625,
      "max": 179.20228576660156
    },
    "left_hip": {
      "mean": 92.44836849338641,
      "std": 2.644282287962148,
      "min": 83.1886978149414,
      "max": 101.30762481689453
    },
    "right_hip": {
      "mean": 91.41583209597385,
      "std": 2.2211304784029386,
      "min": 86.54791259765625,
      "max": 99.6694107055664
    },
    "left_knee": {
      "mean": 157.675846209764,
      "std": 4.385605011668321,
      "min": 146.1397247314453,
      "max": 164.96588134765625
    },
    "right_knee": {
      "mean": 157.90641624895687,
      "std": 4.954807390653926,
      "min": 144.51708984375,
      "max": 165.73483276367188
    }
  },
  "smoothness": {
    "sparc": {
      "left_shoulder": -858.7595754595125,
      "right_shoulder": -1834.053927899372,
      "left_elbow": -12629.873640716729,
      "right_elbow": -5347.509432813427,
      "left_hip": -5040.228496433832,
      "right_hip": -3241.0596991224857,
      "left_knee": -2129.397538978148,
      "right_knee": -2279.0846814441616
    },
    "mean_sparc": -4169.995874108458
  }
}