{
  "dataset": "UI-PRMD",
  "num_samples": 1423,
  "num_joints": 25,
  "self_consistency": {
    "mpjpe_mean": 0.18323948933048823,
    "mpjpe_std": 0.07036725516585003,
    "per_joint_error": [
      0.014238929630997673,
      0.01635421504092738,
      0.023582182437512037,
      0.04033594908626657,
      0.10731910172863822,
      0.25397778170528834,
      0.4123816629706647,
      0.465068806061493,
      0.09374211164911277,
      0.25063971756088144,
      0.398976464332361,
      0.4510912497981984,
      0.03246580436184288,
      0.025218789099046693,
      0.004777882474539994,
      0.0061777486844797206,
      0.025523775881630524,
      0.021738921140639363,
      0.005292969413049535,
      0.01036405546029353,
      0.021518039111892852,
      0.4984419693407213,
      0.4602605908698375,
      0.4879764673303736,
      0.4535220480915146
    ]
  },
  "angle_statistics": {
    "left_shoulder": {
      "mean": 109.59738411783957,
      "std": 14.996481991820282,
      "min": 39.52871584085494,
      "max": 139.42575158461005
    },
    "right_shoulder": {
      "mean": 101.70316727357287,
      "std": 16.698773056992508,
      "min": 37.70330848598862,
      "max": 141.89100992668992
    },
    "left_elbow": {
      "mean": 156.99595306211395,
      "std": 11.89821344049745,
      "min": 104.97088129895563,
      "max": 178.9534485430409
    },
    "right_elbow": {
      "mean": 150.4713264594282,
      "std": 15.402023822663738,
      "min": 100.74273932092662,
      "max": 179.20294815160142
    },
    "left_hip": {
      "mean": 92.44837295440328,
      "std": 2.6442819302402674,
      "min": 83.18873375685529,
      "max": 101.30764447429398
    },
    "right_hip": {
      "mean": 91.4158364373875,
      "std": 2.221131067616461,
      "min": 86.54789993325527,
      "max": 99.66942811630297
    },
    "left_knee": {
      "mean": 157.67585549650545,
      "std": 4.385605828930877,
      "min": 146.13975572052286,
      "max": 164.96583855567283
    },
    "right_knee": {
      "mean": 157.90642571282947,
      "std": 4.954808212567222,
      "min": 144.51714187909192,
      "max": 165.73480731687815
    }
  },
  "smoothness": {
    "sparc": {
      "left_shoulder": -858.7592486207163,
      "right_shoulder": -1834.0546107656019,
      "left_elbow": -12629.929127461004,
      "right_elbow": -5347.50633491939,
      "left_hip": -5040.14144440794,
      "right_hip": -3241.0329496589893,
      "left_knee": -2129.39639876795,
      "right_knee": -2279.0767424345318
    },
    "mean_sparc": -4169.987107129516
  }
}